,TARGET,DAYS_BIRTH,INCOME_ANNUITY_DIFF,PREVAPP_AMT_ANNUITY_LAST,ANNUITY_INCOME_RATIO,FLAG_EMP_PHONE,BUREAU_TOTAL_DEBT,REGION_POPULATION_RELATIVE,REG_CITY_NOT_LIVE_CITY,REGION_RATING_CLIENT_W_CITY,PREVAPP_AMT_CREDIT_GOODS_DIFF_LAST,REG_CITY_NOT_WORK_CITY,BUREAU_RATIO_DEBT_CREDIT,DAYS_LAST_PHONE_CHANGE,EXT_SOURCE_1,PREVAPP_SK_ID_PREV_COUNT,CREDIT_GOODS_RATIO,BUREAU_COUNT,NAME_EDUCATION_TYPE,AMT_GOODS_PRICE,EXT_SOURCE_2,DAYS_EMPLOYED_RATIO,PREVAPP_AMT_DECLINED_LAST,DAYS_REGISTRATION,PREVAPP_ANNUITY_GOODS_LAST,FLAG_DOCUMENT_3,BUREAU_DAYS_DIFF_AVG,DAYS_ID_PUBLISH,BUREAU_ACTIVE_LOANS_PCT,PREVAPP_DAYS_LAST_DUE_1ST_VERSION_LAST,BUREAU_TOTAL_CREDIT,CREDIT_TERM
0,1,-9461,177799.5,9251.775,0.12197777777175418,1,245781.0,0.018801,0,2,0.0,0,0.2841216332733493,-1134.0,0.08303696739132256,1.0,1.1583974358644331,8.0,1,351000.0,0.2629485927471776,0.0673290350568957,0.0,-3648.0,7460.621891407545,1,166.75,-2120,0.25,125.0,865055.565,16.46110401957001
1,0,-16765,234301.5,6737.31,0.13221666666176973,1,0.0,0.003540999999999999,0,1,-756.0,0,0.0,-828.0,0.3112673113812225,3.0,1.1451992031771119,4.0,3,1129500.0,0.6222457752555098,0.07086191474551859,756.0,-1186.0,5734.1202215664825,1,495.0,-291,0.25,-1980.0,1017400.5,36.23408545562584
2,0,-19046,60750.0,5357.25,0.09999999998518518,1,0.0,0.010032,0,2,-4176.0,0,0.0,-815.0,,1.0,0.999999999925926,2.0,1,135000.0,0.5559120833904428,0.011813504154055184,4176.0,-4260.0,6070.484823787941,0,459.0,-2531,0.0,-694.0,189037.8,19.99999997037037
3,0,-19005,105313.5,32696.1,0.21989999998371113,1,,0.008019,0,2,218115.0,0,,-617.0,,9.0,1.0528030302675824,,1,297000.0,0.6504416904014653,0.1599052881662222,-218115.0,-9833.0,14343.747011719372,1,,-2437,,-215.0,,10.532817944003902
4,0,-19932,99634.5,22678.785,0.1799629629481512,1,0.0,0.028663,0,2,13365.0,1,0.0,-1106.0,,6.0,0.9999999999805068,1.0,1,513000.0,0.3227382869704046,0.1524182220311149,-13365.0,-4311.0,16874.98593751172,0,0.0,-3458,0.0,-746.0,146250.0,23.46161760606361
5,0,-16941,71482.5,12144.285,0.27795454542646925,1,240057.0,0.035792000000000004,0,2,-12145.5,0,0.5124544904369879,-2536.0,,5.0,1.0791980197782354,3.0,1,454500.0,0.3542247319929012,0.0937370875944378,12145.5,-4970.0,12145.487854512146,1,339.6666666666667,-477,0.3333333333333333,-2029.0,468445.5,17.82485690276193
6,0,-13778,129699.0,9845.01,0.24152631577534936,1,1077349.5,0.035792000000000004,0,2,-9846.0,0,0.22440987320581116,-1562.0,0.7747614130547695,7.0,1.1187999999919798,18.0,3,1395000.0,0.7239998516953141,0.22717375542689341,9846.0,-1213.0,9845.990154009847,0,146.83333333333334,-619,0.2222222222222222,-1261.0,4800811.5,37.78906078840971
7,0,-18850,317925.0,27463.41,0.11687499999675346,1,348007.5,0.003122,0,3,13599.0,1,0.35152272727272726,-1070.0,,1.0,0.999999999993464,2.0,3,1530000.0,0.7142792864482229,0.023819628659851263,-13599.0,-4597.0,24721.17527882472,1,801.5,-2379,0.5,-769.0,990000.0,36.36363635499379
8,0,-20099,78673.5,31295.25,0.3006799999732729,0,0.0,0.018634,0,2,57915.0,0,0.0,0.0,0.5873340468730377,4.0,1.1161576354557619,4.0,1,913500.0,0.20574728800732814,,-57915.0,-7427.0,22499.9925000025,1,299.75,-3514,0.0,-289.0,435228.3,30.142344011309962
9,0,-14469,114750.0,9482.355,0.1499999999888889,1,,0.019689,0,2,24273.0,0,,-1673.0,,4.0,0.9999999999753086,,1,405000.0,0.7466436294590924,0.13953970567388188,0.0,-14437.0,4999.997222223766,0,,-3992,,33.0,,19.999999990123456
10,0,-10197,91323.0,11567.475,0.18823999998326754,1,758214.0,0.0228,0,2,12595.5,0,0.277740940785375,-844.0,0.3197601716755032,2.0,0.9999999999846744,8.0,3,652500.0,0.6518623334244781,0.06658821228458195,-12595.5,-4427.0,9939.366717194403,1,241.5,-738,0.25,-483.0,2729932.425,30.811729692207713
11,0,-20417,27740.655,7666.92,0.2779472895023466,0,0.0,0.015221,0,2,-1773.0,0,0.0,-2396.0,0.7220444501416448,1.0,1.0989999999185927,4.0,1,135000.0,0.5551831615131809,,1773.0,-5246.0,6884.993115006885,0,272.5,-2512,0.0,-2090.0,409495.5,13.893805296723505
12,0,-13439,61618.5,7124.04,0.08713333332042468,1,63724.5,0.031329,0,2,0.0,0,0.13416136122479916,-2370.0,0.4648311169632833,4.0,1.1979999998225184,7.0,1,67500.0,0.7150418188660659,0.20217278086328802,0.0,-311.0,4104.185789922588,1,215.14285714285714,-3227,0.5714285714285714,-605.0,474984.0,13.749043587946879
13,0,-14086,196033.5,11783.52,0.12873999999427824,1,0.0,0.016612000000000002,0,2,3118.5,0,0.0,-4.0,,2.0,1.3167999999811213,6.0,1,697500.0,0.5669066132460429,0.21496521383995826,-3118.5,-643.0,8137.121609532663,1,328.6666666666667,-4911,0.0,109.0,859770.0,31.707938469712275
14,0,-14583,156222.0,4180.365,0.17342857141939533,1,,0.010006,0,1,0.0,0,,-188.0,0.7219397686622343,4.0,1.1386026489898662,,1,679500.0,0.6426562048311103,0.013920318188246806,0.0,-615.0,3680.5328194671806,1,,-2056,,121.0,,23.603651832447476
15,0,-8728,137340.0,10518.615,0.12799999999187303,1,245470.14,0.020713,1,3,20547.0,1,0.34093075,-925.0,0.11563433726229973,1.0,1.2111999999510628,2.0,1,247500.0,0.34663398139668,0.1325618699960608,-20547.0,-3494.0,7011.369157192369,0,0.0,-1368,1.0,-564.0,720000.0,14.869642849767043
16,0,-12931,81850.5,5729.265,0.24212499997758102,1,123088.5,0.018634,1,2,2574.0,1,0.6170313557410332,-3.0,,2.0,1.3168023255473693,4.0,1,387000.0,0.2363778398884225,0.10184827167415379,-2574.0,-6392.0,4064.0574199282255,1,100.5,-3866,0.5,-1.0,199485.0,19.48803991682899
17,0,-9776,67500.0,33750.0,0.16666666664609053,1,,0.010966,1,2,1377.0,1,,-2811.0,,6.0,0.9999999999629628,,1,270000.0,0.6835133461914255,0.019537643227841288,-675000.0,-4143.0,4349.992750012084,0,,-2427,,365243.0,,19.999999985185184
18,0,-17718,104625.0,6765.975,0.06999999999377778,1,205276.5,0.04622,0,1,14112.0,0,0.19411489361702128,-239.0,,1.0,0.999999999936508,2.0,1,157500.0,0.7064284028871654,0.44045603366094144,-14112.0,-8751.0,4949.497250279305,1,48.0,-1259,1.0,301.0,1057500.0,19.999999974603174
19,0,-11348,72436.5,2250.0,0.19514999997831667,1,137038.5,0.015221,0,2,0.0,0,0.08327103204700147,-1850.0,,4.0,1.1979999999736413,13.0,3,454500.0,0.5866171400119664,0.1795911175357694,0.0,-1021.0,4500000000.0,1,189.76923076923077,-3964,0.3076923076923077,365243.0,1645692.345,31.001281048195814
20,0,-18252,113625.0,,0.15833333332160496,1,,0.015221,0,2,,0,,-296.0,0.5656548824667073,,0.9999999999766082,,1,427500.0,0.11337451271992707,0.23482358110608348,,-298.0,,0,,-1800,,,,19.999999990643275
21,0,-14815,164938.5,23833.575,0.18548888887972895,1,1886544.0,0.025164,0,2,60682.5,0,0.7692330275229358,0.0,0.43770901984754174,8.0,1.2217621359091504,1.0,1,927000.0,0.2337669575081463,0.11150860621769058,0.0,-2299.0,12499.993055559415,1,0.0,-2299,1.0,-1159.0,2452500.0,30.152509875763077
22,0,-11146,417478.5,42778.845,0.072269999998394,1,3477814.38,0.020713,0,2,69498.0,0,0.6182781119999999,-468.0,,3.0,1.1055999999754311,3.0,1,450000.0,0.457142971588935,0.3863269337756387,0.0,-114.0,18749.994791668112,1,498.6666666666667,-2518,0.6666666666666666,612.0,5625000.0,15.298187348277851
23,0,-24827,59400.0,21569.22,0.2864864864520737,0,376713.0,0.006296,0,3,13365.0,0,0.6024540318808247,-795.0,,4.0,1.0659999999526222,3.0,1,225000.0,0.6243047373592765,,0.0,-9012.0,16874.98593751172,0,613.3333333333334,-3684,0.3333333333333333,-111.0,625297.5,10.0566037693683
24,0,-11286,122296.5,22891.68,0.09409999999302963,1,3682287.0,0.026392,0,2,0.0,1,0.49572841154582914,-4.0,,1.0,0.999999999959596,4.0,1,247500.0,0.7861793090532118,0.06609959247394967,0.0,-108.0,20999.965000058335,1,674.0,-3729,0.25,-143.0,7428033.0,19.48281968002297
25,0,-19334,78925.5,4373.055,0.12304999998632778,1,451642.5,0.028663,0,2,-1705.5,0,0.7019284446317527,0.0,0.5619484093041138,12.0,0.9999999999555556,6.0,1,225000.0,0.6514056365297631,0.18071790637256538,1705.5,-2419.0,4263.7393406516485,1,188.16666666666666,-2893,0.3333333333333333,-2728.0,643430.9700000001,20.316944313226834
26,1,-18724,85423.5,,0.2406799999786062,1,1125000.0,0.018029,0,2,,0,0.2833288189608179,-161.0,,,1.395999999980114,7.0,1,702000.0,0.5484771599678789,0.14035462515507083,,-6573.0,,1,184.28571428571428,-1827,0.42857142857142855,,3970651.5,36.19345187295498
27,0,-15948,88672.5,7910.145,0.21179999998117333,1,0.0,0.019101,0,2,-27000.0,1,0.0,-2.0,,1.0,1.2111999999551406,4.0,1,270000.0,0.5411237022695412,0.07737647358751973,27000.0,-5782.0,11542.480762532063,1,208.25,-3153,0.25,-1316.0,1271160.0,13.724645886591272
28,0,-9994,212323.5,5542.92,0.21361666665875492,1,0.0,0.04622,0,1,-270.0,0,0.0,-849.0,0.6003959050009468,1.0,1.171599999982643,1.0,3,675000.0,0.6850109901296888,0.1797078248746326,270.0,-4668.0,4466.621277815602,0,0.0,-2661,1.0,-488.0,675000.0,13.711476942305534
29,0,-10341,81000.0,22430.43,0.09999999998888888,1,,0.030755,0,2,15471.0,0,,-599.0,0.2979135090150507,2.0,0.9999999999444446,,3,180000.0,0.5027790378786304,0.09766947113206602,-15471.0,-4799.0,15749.973750043751,0,,-3015,,-419.0,,19.99999997777778
30,0,-15280,267907.5,22308.75,0.08407692307404865,1,2054371.5,0.025164,0,2,0.0,0,0.5794984483053726,-1634.0,,22.0,1.3959999999707338,9.0,1,477000.0,0.479987342189869,0.17460732995720374,0.0,-5266.0,14062.49707031311,1,282.1111111111111,-3787,0.5555555555555556,-887.0,3545085.42,27.077035670599965
31,0,-11144,87466.5,12069.315,0.22251999998022043,1,8339.355,0.008575,0,2,0.0,0,0.08782058572647142,-397.0,0.2744223724911185,8.0,1.4223999999604888,1.0,1,360000.0,0.6273004007953609,0.09906676247224225,0.0,-7846.0,8908.496288126547,1,0.0,-2904,1.0,365243.0,94959.0,20.455150090696407
32,0,-12974,69106.5,19505.385,0.23214999997420555,1,0.0,0.010032,0,2,34762.5,0,0.0,-2766.0,,5.0,1.105599999938578,8.0,1,180000.0,0.5594667916353414,0.3394481272849145,-34762.5,-7123.0,12823.114314071405,1,189.25,-4464,0.125,-2431.0,592132.5,9.524876153097912
33,0,-11694,320931.0,4450.68,0.10852499999698541,1,2438748.0,0.015221,1,2,1039.5,1,0.5432608643351484,-697.0,,4.0,1.0791986754808065,9.0,1,679500.0,0.32174489566177183,0.1761587140210011,-1039.5,-3557.0,3493.4941775097045,0,155.0,-3557,0.3333333333333333,-2217.0,4489092.0,18.769753508211174
34,0,-15997,102105.0,18984.24,0.2436666666486173,1,,0.019689,0,2,0.0,0,,-3019.0,,1.0,0.999999999991111,,3,1125000.0,0.17249750814777715,0.28661624072427094,0.0,-5735.0,15299.993625002657,1,,-4067,,-317.0,,34.19972639179215
35,0,-12158,67990.5,7297.515,0.395639999964832,1,0.0,0.008575,0,2,5791.5,0,0.0,-1285.0,,2.0,0.9999999999777778,13.0,3,450000.0,0.6631580756296298,0.10486922199775392,-5791.5,-6265.0,4873.870938440885,1,217.23076923076923,-2009,0.07692307692307693,-1147.0,822305.1599999999,10.110201190732269
36,0,-17199,174843.0,21375.0,0.11695454544863866,1,0.0,0.01885,0,2,0.0,0,0.0,-2411.0,0.8427634659543568,9.0,1.1583983739628114,2.0,1,553500.0,0.6816988025574287,0.04465375896543622,-427500.0,-63.0,4874.999187500135,1,735.0,-735,0.0,365243.0,333720.0,27.68810725582411
37,0,-21077,106348.5,12088.8,0.12470370369344003,1,1147764.6,0.030755,0,2,13365.0,1,0.4926674376003796,-1541.0,0.8045861213121414,4.0,0.9999999999779977,11.0,1,454500.0,0.7197985370372056,0.061109266053569894,-13365.0,-5474.0,7499.995833335648,1,240.54545454545453,-4270,0.5454545454545454,-2060.0,2329694.46,29.99702997723194
38,0,-23920,81661.5,6319.35,0.1751363636186731,0,89351.46,0.006207,0,2,-3015.0,0,0.20397343809292723,0.0,,4.0,1.0989999999511557,3.0,1,225000.0,0.6507647995068742,,3015.0,-9817.0,5750.240416265973,1,132.0,-4969,0.3333333333333333,-2598.0,438054.39,14.26161431827343
39,0,-16126,153000.0,29053.215,0.1499999999916667,1,0.0,0.025164,0,2,105723.0,0,0.0,-540.0,,2.0,0.9999999999814816,4.0,3,540000.0,0.7380532835697358,0.10920253014337251,-105723.0,-8236.0,18749.992187503256,0,556.5,-4292,0.25,1.0,12637260.0,19.999999992592592
40,1,-17482,167472.0,11423.025,0.17297777776923567,1,3220456.5,0.025164,0,2,61528.5,0,0.33801219694207396,-1075.0,,6.0,1.3959999999836725,5.0,1,855000.0,0.30684058604830505,0.07218853682198177,-61528.5,-1182.0,3749.9989583336223,1,327.0,-1029,0.6,-2331.0,9527634.0,34.07502568400279
41,0,-16971,173304.0,57466.53,0.1441777777706579,1,0.0,0.009175,0,2,41931.0,1,0.0,-458.0,,4.0,1.1187999999792815,1.0,1,540000.0,0.03731523556121631,0.02798892229567434,-41931.0,-3148.0,45249.974861125076,1,0.0,-513,0.0,226.0,22905.0,20.692971632863074
42,1,-13384,118741.5,4500.0,0.12043333332441236,1,552442.5,0.007305,0,3,8631.0,0,0.648598643366109,-1480.0,0.4682080567974757,5.0,1.211207547119027,7.0,1,238500.0,0.6742032101473874,0.2687537360047473,-90000.0,-45.0,5624.9953125039065,1,307.42857142857144,-4409,0.7142857142857143,365243.0,851747.85,17.76750621658363
43,0,-23548,65029.5,6919.605,0.3978749999631597,0,0.0,0.010966,0,2,0.0,0,0.0,-491.0,,3.0,1.1055999999836208,3.0,3,675000.0,0.7661378050275851,,0.0,-5745.0,6399.934833360486,1,669.3333333333334,-4576,0.0,231.0,742741.38,17.36726358376857
44,0,-9827,154219.5,6887.16,0.2384222222104483,1,,0.007114,0,2,15448.5,1,,-556.0,,3.0,1.1056015037409257,,1,598500.0,0.6315186311742824,0.07713442564071886,0.0,-4166.0,5692.497628125989,1,,-2380,,165.0,,13.705377944779904
45,0,-7974,81000.0,6304.905,0.09999999998888888,1,,0.009334,0,2,3487.5,0,,-462.0,,2.0,0.9999999999444446,,1,180000.0,0.535542260363498,0.11223977942342586,-3487.5,-6591.0,4529.242451262581,0,,-642,,-116.0,,19.99999997777778
46,0,-20373,184851.0,10720.35,0.08715555555125158,0,0.0,0.019689,0,2,5940.0,0,0.0,-649.0,,5.0,1.2111964285233652,8.0,1,252000.0,0.24766471733561626,,0.0,-7760.0,7499.993750005208,1,141.125,-1993,0.125,10.0,675508.5,17.293982652108344
47,0,-20121,72162.0,10349.91,0.2710909090635262,1,0.0,0.022625,0,2,-10296.0,1,0.0,-1247.0,,5.0,1.1583999999485157,2.0,1,225000.0,0.08924065344241718,0.2649967696759588,10296.0,-9197.0,10293.739706260294,1,172.5,-3283,0.5,15.0,104692.5,9.71160294742097
48,0,-19727,93244.5,6922.98,0.28548275859881356,1,1244438.055,0.020713,0,3,1966.5,0,0.4402391342357227,-784.0,0.7104273289168539,2.0,0.9999999999925925,7.0,1,1350000.0,0.5891866296961207,0.22360216972859642,-1966.5,-6225.0,6203.239661267232,1,291.57142857142856,-3199,0.5714285714285714,-172.0,2826732.015,36.23626040819845
49,0,-18264,310072.5,21678.705,0.13868749999614757,1,,0.010006,0,2,101038.5,1,,-1498.0,,3.0,1.116159999991732,,1,1350000.0,0.5239340474953537,0.5214082350642839,-101038.5,-5504.0,7499.998611111368,1,,-1797,,-546.0,,30.180081111575767
50,0,-12406,47250.0,,0.12499999997685185,1,258597.0,0.014519999999999996,0,2,,0,0.31925555555555557,0.0,0.6562248044601879,,0.999999999925926,4.0,3,135000.0,0.4508497225560816,0.0947928422495509,,-1149.0,,1,578.25,-2576,0.5,,810000.0,19.99999997037037
51,0,-18632,505404.0,26149.68,0.06406666666548025,1,980784.0,0.026392,0,2,-28341.0,0,0.4545993055196338,-1285.0,0.3115099249880457,18.0,0.9999999999851853,5.0,3,675000.0,0.7133545848531052,0.3744632891661997,28341.0,-3904.0,23617.4803187664,1,229.8,-1937,0.2,-131.0,2157469.2,19.51092611298678
52,0,-12282,61839.0,12177.0,0.1916470587984775,1,0.0,0.028663,0,2,0.0,0,0.0,-466.0,0.24456163253546154,1.0,0.9999999999779977,5.0,1,454500.0,0.705947456699447,0.06334473217989312,0.0,-1824.0,4999.998611111497,1,178.8,-1992,0.0,614.0,274641.83999999997,31.000613852397098
53,0,-10473,208836.0,12826.44,0.07183999999680711,1,0.0,0.006629,1,2,-3595.5,1,0.0,-570.0,0.18959579955018274,6.0,1.3167924527749773,1.0,3,238500.0,0.7029791046049891,0.13291320551218677,3595.5,-2025.0,11083.481527530788,1,0.0,-1240,0.0,-885.0,37741.5,19.429287293102398
54,0,-18611,48528.0,47952.0,0.40088888883939644,0,0.0,0.010006,0,2,0.0,0,0.0,-462.0,,10.0,0.9999999999851853,2.0,1,675000.0,0.6628649268152181,,0.0,-6936.0,37499.98437500651,1,991.0,-2142,0.0,-96.0,1081626.12,20.787139683177156
55,0,-12955,134442.0,12637.845,0.2530999999859389,1,1651888.845,0.022625,0,2,-17986.5,0,0.3299599736813247,-1547.0,0.5527719020519871,9.0,1.2573986486297688,18.0,3,666000.0,0.6166372926426479,0.31694326539324064,0.0,-7054.0,12972.36418969651,1,148.38888888888889,-5164,0.3888888888888889,-95.0,5006331.0,18.38156854594548
56,0,-21621,52119.0,2144.61,0.22786666663290864,0,95413.5,0.019101,0,2,-1.9800000000032014,0,0.5889722222222222,0.0,,1.0,1.4751999999271508,2.0,1,202500.0,0.6227082733555896,,1.9800000000032014,-2019.0,1983.6441734815946,1,85.0,-1344,1.0,113.0,162000.0,19.42188413014636
57,0,-18248,68625.0,7761.465,0.15277777775891632,1,799038.0,0.031329,0,2,-409.5,1,0.69375755727825,-167.0,0.2377197192577024,1.0,0.999999999959596,5.0,1,247500.0,0.6091352920795285,0.12883603689655634,409.5,-4375.0,6845.994295004754,0,425.8,-1721,0.2,199.0,1151753.94,19.999999983838386
58,0,-14186,332734.5,26541.09,0.07573749999789618,1,3152259.0,0.00733,0,2,4455.0,1,0.5044158765613985,-112.0,,7.0,1.237599999976085,4.0,1,517500.0,0.2567370429595146,0.12286761604600847,-4455.0,-2128.0,22499.962500062502,1,537.75,-4982,0.5,-30.0,6249325.5,23.489684757847947
59,0,-20544,493101.0,13879.26,0.08684999999839167,1,2249635.5,0.032561,0,1,535.5,0,0.25684288943690914,-1377.0,,2.0,1.0871195219027256,6.0,3,1129500.0,0.6535972121081295,0.10178154210561796,-535.5,-6846.0,9738.635900974357,0,341.8333333333333,-566,0.5,-947.0,8758800.0,26.181826899042232
60,0,-20121,93010.5,10097.595,0.48327499997315143,1,0.0,0.018801,0,2,0.0,0,0.0,-1572.0,,2.0,1.0475212464523291,4.0,1,1588500.0,0.5706663563799912,0.12156453462629319,0.0,-6755.0,9328.87111297037,1,288.0,-2177,0.0,-851.0,598059.0,19.12860172559578
61,0,-7907,135882.0,14111.1,0.24509999998638335,1,0.0,0.010006,0,1,0.0,0,0.0,-725.0,,10.0,0.9999999999907406,2.0,2,1080000.0,0.0265407750366898,0.16744656654539847,0.0,-4557.0,11249.995312501953,0,68.0,-586,0.0,596.0,314716.5,24.479804156017995
62,0,-22843,283810.5,44995.5,0.12404166666283821,0,1537123.5,0.01885,0,2,-45000.0,0,0.7060796983715537,-2385.0,,9.0,1.3959999999827655,4.0,3,810000.0,0.7330511930996613,,45000.0,-1042.0,44999.955000045,1,401.75,-3967,0.75,113.0,2176983.0,28.13570708067139
63,0,-12240,102037.5,20287.17,0.09299999999173333,1,547785.0,0.00496,0,2,14256.0,0,0.55244431535571,-280.0,0.2996061411205129,7.0,1.0659999998815555,4.0,3,90000.0,0.6645439411246608,0.3039215688757529,-14256.0,-5246.0,14999.975000041668,1,388.5,-4541,1.0,-418.0,991566.0,9.169892464353747
64,0,-13866,170320.5,,0.053774999997012504,1,2610859.995,0.028663,0,2,,0,0.7921160148543279,-3.0,,,0.999999999968254,3.0,1,315000.0,0.5848873555356944,0.18361459698803878,,-5448.0,,0,106.66666666666667,-4097,1.0,,3296057.58,32.543003220679786
65,0,-12049,139342.5,15101.28,0.2258749999874514,1,257926.5,0.072508,0,1,-5890.5,0,0.3751898303309594,-295.0,0.2867830789116058,26.0,1.395999999984489,4.0,1,900000.0,0.6473478219828046,0.04805378043659538,0.0,-6105.0,14723.963190092027,1,259.5,-1,0.25,-2351.0,687456.0,30.902047585094493
66,0,-19550,136017.0,11508.3,0.244349999986425,1,537165.0,0.028663,0,2,51975.0,0,0.46996062992125986,-1594.0,0.7961611232881004,11.0,0.9999999999903382,3.0,3,1035000.0,0.5172704004425673,0.2483887469301221,-51975.0,-6836.0,5357.141581632956,1,158.66666666666666,-3084,0.3333333333333333,-334.0,1143000.0,23.5318191065794
67,0,-15359,211500.0,10426.86,0.05999999999733334,1,0.0,0.00733,0,2,-28899.0,1,0.0,-662.0,0.20247737407460809,3.0,0.9999999999629628,1.0,1,270000.0,0.5619229565929612,0.007422358231279613,28899.0,-5076.0,13454.977575037376,0,0.0,-2922,0.0,-481.0,60781.5,19.999999985185184
68,0,-11956,135000.0,6084.495,0.14285714284807258,1,0.0,0.010966,0,2,-1714.5,0,0.0,-1711.0,0.4115064104251909,7.0,0.9999999999777778,1.0,1,450000.0,0.12388829228441395,0.2638006024287392,0.0,-8118.0,5152.491412514313,0,0.0,-4143,0.0,-1174.0,30150.0,19.99999999111111
69,0,-10848,158890.5,6075.63,0.11727499999348473,1,,0.014519999999999996,0,2,-1210.5,0,,-2519.0,,1.0,0.9999999999777778,,1,450000.0,0.6454384930609306,0.011154129803792524,1210.5,-4809.0,4675.495324504675,0,,-3494,,-2214.0,,21.317416319042415
70,0,-12009,158890.5,32175.0,0.11727499999348473,1,2384752.41,0.01885,0,2,0.0,0,0.2294355622160543,-1003.0,0.35770654726206136,15.0,0.9999999999777778,17.0,3,450000.0,0.6865047975453018,0.23682238340979464,0.0,-1377.0,20624.995703125893,1,147.47058823529412,-3656,0.29411764705882354,24.0,10393996.41,21.317416319042415
71,0,-15406,79065.0,4500.0,0.2360869564989288,1,1756003.5,0.009657,0,2,-3852.0,0,0.5423311638585797,-2053.0,0.2707661633733818,3.0,1.2376019417208715,2.0,1,463500.0,0.7071263161734994,0.057899519705244394,-90000.0,-341.0,4818.1451818548185,1,735.0,-4176,0.5,365243.0,3237880.5,23.475690598127404
72,0,-14860,198859.5,16486.425,0.11617999999483646,1,0.0,0.02461,0,2,2830.5,0,0.0,-1475.0,,7.0,1.0791960784078607,1.0,1,459000.0,0.5705270507243844,0.0777927322192414,-2830.5,-23.0,12671.2394406338,1,0.0,-1072,0.0,-1114.0,98100.0,18.949561018745026
73,0,-11187,128605.5,4550.265,0.1834571428454948,1,697500.0,0.016612000000000002,0,2,-6750.0,0,0.4887200264854724,-1175.0,,3.0,1.1187999999834253,4.0,1,675000.0,0.3687189849837431,0.19880218128077426,6750.0,-3253.0,4766.24205626324,1,223.75,-3723,0.5,-994.0,1427197.5,26.136115860756853
74,0,-14264,113224.5,5625.0,0.16129999998805186,1,404028.0,0.019101,0,2,0.0,0,0.3748166807282759,-1597.0,,7.0,0.9999999999851853,6.0,3,675000.0,0.5698732368655826,0.17470555256218842,0.0,-4327.0,11249.998125000311,1,191.0,-4517,0.6666666666666666,365243.0,1077934.95,30.998140097357975
75,0,-17542,164700.0,18734.805,0.18666666665744858,1,285748.515,0.003069,0,3,-65160.0,0,0.4220770860337822,-1230.0,,5.0,1.1451999999898204,6.0,1,1125000.0,0.5720641471414096,0.11463915181543675,65160.0,-1529.0,27149.95475007542,1,119.33333333333333,-988,0.5,-522.0,677005.515,34.08333332431658
76,0,-19467,105750.0,15388.47,0.05999999999466667,1,403969.5,0.0228,0,2,-15390.0,0,0.22726835443037974,-1537.0,,2.0,0.999999999925926,5.0,3,135000.0,0.5851740300889305,0.20886628664348195,15390.0,-4623.0,15389.98461001539,0,377.0,-2975,0.4,-1235.0,1777500.0,19.99999997037037
77,0,-9666,119218.5,15656.265,0.11689999999134075,1,0.0,0.025164,0,2,152064.0,0,0.0,-92.0,,4.0,1.3168070174925222,1.0,1,256500.0,0.5500579930157645,0.29081315982910527,-152064.0,-4437.0,7499.998437500325,1,0.0,-2342,0.0,-1491.0,116545.5,21.402338167219632
78,0,-18253,66226.5,8174.205,0.29919047615881583,1,0.0,0.028663,0,2,6534.0,0,0.0,0.0,0.5927009939219194,10.0,0.999999999982906,1.0,1,585000.0,0.4885999153777029,0.039500356127486085,-6534.0,-1701.0,6208.489652517246,1,0.0,-1779,0.0,-316.0,90000.0,20.690752817765485
79,0,-22935,102699.0,4966.47,0.04908333332878858,0,611335.575,0.030755,0,2,-17442.0,0,0.7150123684210525,-260.0,,1.0,1.2639999998595555,4.0,3,90000.0,0.5827354769124312,,17442.0,-12623.0,5450.340343537286,1,200.75,-3442,0.75,277.0,855000.0,21.460101827089037
80,0,-18693,60750.0,5290.695,0.09999999998518518,1,,0.020246,0,3,0.0,0,,-1040.0,0.5866975916234531,3.0,0.999999999925926,,1,135000.0,0.3045061145430549,0.07671320819382293,0.0,-10255.0,4814.545185454815,0,,-2241,,-294.0,,19.99999997037037
81,1,-24794,66406.5,,0.18016666664442385,0,0.0,0.028663,0,2,,0,0.0,0.0,,,0.9999999999603175,1.0,1,252000.0,0.0239523667712844,,,-5391.0,,0,0.0,-4199,0.0,,65610.0,17.26796175196631
82,0,-17527,127219.5,10080.72,0.19225714284493606,1,86526.0,0.035792000000000004,0,2,0.0,1,0.27099232122652916,-371.0,,2.0,1.1188013244868462,3.0,1,679500.0,0.3573422337147276,0.13932789418572938,0.0,-3500.0,8999.99250000625,1,879.6666666666666,-983,0.3333333333333333,-8.0,319293.18,25.10610788292594
83,0,-17390,211500.0,12985.83,0.05999999999733334,1,,0.01885,0,2,109521.0,0,,-617.0,,7.0,0.9999999999629628,,1,270000.0,0.5970811533321667,0.053133985079433,0.0,-7211.0,5249.998906250227,0,,-907,,1299.0,,19.999999985185184
84,0,-23032,318924.0,2904.345,0.11409999999683056,0,185535.0,0.009175,0,2,-0.9000000000014552,0,0.0689164093932247,0.0,,12.0,1.0791986754808065,10.0,1,679500.0,0.6605789818593445,,0.9000000000014552,-9506.0,2459.6979502517083,1,134.2,-793,0.5,-894.0,2692174.5,17.852651178826406
85,0,-15909,164056.5,5184.585,0.18984444443506943,1,0.0,0.008019,0,2,4270.5,1,0.0,-1876.0,0.4476751393608083,5.0,1.2376013985821663,5.0,3,643500.0,0.4957651407174961,0.06876610727812314,-4270.5,-3134.0,3371.2471906273413,1,477.4,-4180,0.0,-139.0,3163743.45,20.716024810249838
86,0,-18138,180427.5,22482.0,0.10899999999461729,1,,0.072508,0,1,0.0,0,,-1585.0,,5.0,1.2112063491636258,,3,283500.0,0.7162122102538987,0.05342375126994363,0.0,-7421.0,18749.98437501302,0,,-1681,,-965.0,,15.556778790097733
87,0,-14321,115735.5,,0.08146428570782029,1,694314.0,0.02461,0,2,,0,0.47128610046275793,-2.0,0.4147940693543055,,1.2111999999551406,5.0,1,270000.0,0.6611083077510267,0.013406885003426357,,-6913.0,,1,268.6,-5942,0.4,,1473232.5,31.859710622183535
88,0,-21112,55035.0,4704.345,0.2356249999672743,1,12307.5,0.009175,0,2,4815.0,0,0.027605544525674167,0.0,,2.0,0.9999999999777778,3.0,1,450000.0,0.7180575365896832,0.08023872682845715,-4815.0,-6057.0,3798.746834377638,1,513.0,-4013,0.3333333333333333,-39.0,445834.35,26.525198923356793
89,0,-18556,59310.0,2950.2,0.3409999999621111,1,0.0,0.022625,0,2,-2952.0,0,0.0,-2591.0,0.7631370618175837,1.0,1.1583999999754835,1.0,1,472500.0,0.6446273721560554,0.04645397717528237,2952.0,-6769.0,2950.647049352951,1,0.0,-2045,0.0,-2290.0,765000.0,17.834604099760636
90,0,-19810,169744.5,32991.795,0.12276744185412056,1,18774.0,0.031329,0,2,5197.5,0,0.011284924433744023,-1733.0,0.765153942091246,14.0,0.9999999999555556,6.0,1,225000.0,0.25475995714691185,0.44734982354737496,-5197.5,-4493.0,26249.95625007292,1,258.1666666666667,-3043,0.16666666666666666,-365.0,1663635.42,9.47149080866684
91,0,-12780,139711.5,25269.66,0.18297368419982613,1,40878.0,0.006629,0,2,-3060.0,1,0.06301900143603405,-546.0,,1.0,1.2111999999730845,3.0,1,450000.0,0.7566679797246073,0.11071987489101712,3060.0,-5146.0,20992.465012558314,1,512.3333333333334,-870,0.6666666666666666,-344.0,648661.5,17.419818777691543
92,0,-10744,109935.0,6703.065,0.1856666666529136,1,52820.595,0.035792000000000004,0,2,8640.0,1,0.8062858909190823,0.0,,4.0,1.1055999999672415,1.0,1,337500.0,0.6405493008893001,0.0689687267953916,-8640.0,-442.0,4544.246213128155,1,0.0,-2381,1.0,439.0,65511.0,14.886894069464635
93,0,-10485,84546.0,14694.525,0.24847999997791287,1,104072.31,0.0228,0,2,13801.5,0,0.04153220852745304,-1234.0,0.5633231337420023,6.0,1.1979999999833613,12.0,1,720000.0,0.608604105963283,0.11912255614603963,-13801.5,-4628.0,10892.615922820065,1,165.58333333333334,-3110,0.25,-260.0,2505821.715,30.856406943243755
94,1,-10199,250893.0,9000.0,0.20351428570782493,1,85648.5,0.030755,0,2,-22486.5,1,0.6563103448275862,-591.0,,4.0,1.0593999999882289,2.0,2,900000.0,0.4323402118056743,0.19756838925146425,-180000.0,-4802.0,5061.370782191015,1,17.0,-1038,1.0,365243.0,130500.0,14.872946789761968
95,0,-15137,69804.0,4500.0,0.08752941175326412,1,401368.5,0.028663,0,2,0.0,0,0.657203277432285,-1981.0,0.4757617930038634,4.0,0.999999999925926,3.0,1,135000.0,0.5930185238421518,0.5271850436197298,0.0,-9176.0,9000000000.0,1,409.3333333333333,-4576,0.6666666666666666,166.0,610722.0,20.161290292471193
96,0,-10734,112401.0,8326.26,0.16739999998760002,1,45634.5,0.030755,1,2,8518.5,1,0.19520452491056894,-227.0,0.3957242668511344,2.0,1.2639999999438223,4.0,3,225000.0,0.1549370735653434,0.06456120743857016,-8518.5,-7913.0,6723.74439687967,1,106.75,-1362,0.5,133.0,233777.88,12.584627632822414
97,0,-15371,75316.5,6750.0,0.1631499999818722,1,0.0,0.028663,0,2,0.0,1,0.0,-40.0,,4.0,0.999999999968254,1.0,1,315000.0,0.3343001962973505,0.023876130390915445,0.0,-3071.0,13499999999.999998,1,0.0,-4211,0.0,365243.0,18513.0,21.45265092011261
98,0,-14751,210982.5,37377.945,0.13175925925383708,1,2430413.8200000003,0.010006,0,1,90499.5,1,0.3181838940585623,-1083.0,0.6712718925800566,15.0,0.9999999999888889,17.0,3,900000.0,0.7002735745029195,0.45671479930629433,-90499.5,-3390.0,19999.988888895063,1,164.94117647058823,-4788,0.47058823529411764,333.0,7638393.6,28.109627538655538
99,0,-22471,63459.0,22605.75,0.2948999999672333,0,,0.026392,0,2,-7047.899999999994,0,,0.0,,2.0,0.9999999999851853,,1,675000.0,0.6263029188866104,,7047.899999999994,-217.0,20934.519065480934,0,,-4323,,-1448.0,,25.432349939553013
100,0,-11142,45000.0,7679.925,0.16666666663580246,1,354735.405,0.015221,0,2,2695.5,0,0.4143003188789655,-149.0,,1.0,0.9999999999444446,8.0,1,180000.0,0.5002642944981995,0.21710644428029657,-2695.5,-4987.0,5669.99055001575,0,327.625,-467,0.5,31.0,856227.69,19.99999997777778
101,0,-9650,106785.0,,0.20899999998451854,1,108837.0,0.019689,0,2,,1,0.295023176384484,-17.0,0.2543516601822173,3.0,1.1583999999828385,2.0,3,675000.0,0.16995295093717294,0.3060103630114097,0.0,-4329.0,,1,95.0,-367,1.0,,368910.0,27.71291865046503
102,0,-16798,99855.0,7362.99,0.20749999998353175,1,0.0,0.018209,0,3,6961.5,0,0.0,-319.0,,3.0,1.1583973509763297,1.0,1,679500.0,0.5861504130199274,0.039826169805825797,-6961.5,-9388.0,5493.745421878815,1,0.0,-347,0.0,-98.0,70571.115,30.106368318949563
103,0,-10954,50283.0,70963.65,0.34270588230814303,1,0.0,0.0228,0,2,93555.0,0,0.0,-663.0,0.4055643396822132,4.0,1.197999999982252,3.0,3,675000.0,0.04729142440452983,0.225397115414823,-93555.0,-550.0,52499.98250000583,1,88.0,-596,1.0,-1234.0,630000.0,30.844490204506812
104,0,-23719,83763.0,4674.78,0.19069565215548834,1,527287.4550000001,0.020246,0,3,8910.0,0,0.43087027382061055,-1689.0,,4.0,0.9999999999851853,6.0,1,675000.0,0.3993660764222056,0.35692904437663014,-8910.0,-3917.0,2812.498828125488,1,407.6666666666667,-4036,0.5,-126.0,1223773.1099999999,34.19972638486106
105,0,-24051,196353.0,16082.865,0.12731999999434135,0,0.0,0.072508,0,1,87673.5,0,0.0,-1080.0,,13.0,1.131999999971414,2.0,1,396000.0,0.7103178570703124,,0.0,-7040.0,5399.99910000015,0,81.5,-4053,0.0,-693.0,742500.0,15.648130688851143
106,0,-21613,99792.0,24483.465,0.20799999998349206,0,8559.0,0.009549,0,2,34096.5,0,0.03514996950712424,-1165.0,,3.0,1.105603773538549,2.0,1,238500.0,0.5713305828391398,,-34096.5,-2376.0,13124.99453125228,0,617.0,-2434,0.5,-173.0,243499.5,10.061298073084059
107,0,-12900,126000.0,30956.175,0.0666666666617284,1,685741.5,0.04622,0,1,-18756.0,1,0.6582591792656588,-1091.0,,2.0,0.9999999999444446,5.0,1,180000.0,0.7050933282515942,0.06062015508575206,18756.0,-2124.0,31257.69790383683,0,235.6,-3888,0.2,-501.0,1041750.0,19.99999997777778
108,0,-21341,107158.5,8675.955,0.04747999999577955,0,,0.02461,0,2,1485.0,0,,-2279.0,,3.0,1.1583999997425778,,1,45000.0,0.6870034445422084,,-1485.0,-10150.0,7499.987500020834,0,,-1403,,-580.0,,9.759056426548618
109,0,-9415,78750.0,,0.07894736841181901,1,10048887.0,0.018029,0,2,,0,0.9730222222222222,0.0,0.4795441447548665,,0.999999999925926,1.0,3,135000.0,0.6102072901939566,0.023898035075834344,,-4066.0,,1,0.0,-2104,1.0,,10327500.0,19.99999997037037
110,1,-10526,126697.5,12520.71,0.19557142855901136,1,156483.0,0.007273999999999998,0,2,19701.0,1,0.69548,-56.0,,2.0,1.2375999999788445,1.0,2,585000.0,0.2820694905045227,0.02536576099692738,-19701.0,-387.0,6164.996575001903,1,0.0,-3190,1.0,73.0,225000.0,23.50445579952781
111,0,-13830,224374.5,29250.0,0.1689833333270747,1,678262.5,0.072508,0,1,74056.5,0,0.9981788079470199,-734.0,0.3394026084270504,2.0,1.2375999999828111,2.0,1,720000.0,0.7079724741176917,0.0845263919627812,-585000.0,-7953.0,9374.996093751628,1,184.5,-4802,1.0,365243.0,679500.0,19.530131172364108
112,0,-23656,128889.0,44610.48,0.36351111109316,1,95697.0,0.032561,0,1,6210.0,0,0.14177333333333333,-905.0,0.7748801671358985,2.0,1.0435619834614915,1.0,1,1089000.0,0.7112888072636568,0.04091985121783896,-6210.0,-14666.0,38249.93625010625,1,0.0,-4456,1.0,-375.0,675000.0,15.438439904981804
113,0,-9207,48690.0,7675.74,0.2786666666253827,1,,0.002134,0,3,16168.5,1,,-591.0,0.5486469663609839,3.0,1.4223999999473185,,1,270000.0,0.3167548800416005,0.11328337147092796,-16168.5,-4069.0,5944.495046254128,1,,-1882,,-11.0,,20.417224869528322
114,0,-10085,193500.0,,0.04444444444224966,1,2970.99,0.018634,0,2,,0,0.002911570066650091,0.0,0.3291857814541987,,0.9999999999444446,4.0,1,180000.0,0.7492408359410063,0.04610808135459403,,-9649.0,,1,331.25,-1666,0.5,,1020408.21,19.99999997777778
115,0,-19829,108729.0,19193.175,0.1945999999855852,1,181584.0,0.00733,1,2,80698.5,1,0.723387472661432,-1209.0,,12.0,1.2243943661588608,2.0,1,319500.0,0.7206401576263843,0.010842705134319787,-80698.5,-4730.0,9374.998046875406,1,10.0,-3368,1.0,1084.0,251019.0,14.890715992961548
116,0,-15949,108144.0,6432.795,0.313371428551532,1,2313877.5,0.04622,0,1,-1273.5,0,1.0,-2397.0,,2.0,1.0950407523434689,1.0,1,1435500.0,0.6820166294931829,0.014985265543285012,1273.5,-1146.0,4949.54505045495,1,0.0,-4321,1.0,-2096.0,2313877.5,31.84883296218315
117,0,-20284,179374.5,33482.61,0.20277999999098756,0,,0.020246,0,3,161451.0,0,,0.0,0.8864868897220826,11.0,1.2375999999828111,,1,720000.0,0.08671938658524453,,-161451.0,-1990.0,18874.9947569459,0,,-2556,,365243.0,,19.530131172364108
118,0,-14339,105777.0,14684.175,0.2164666666506321,0,966264.525,0.04622,0,1,9580.5,0,0.2144687309290779,-242.0,0.6674963344753486,2.0,1.1979999999825999,13.0,3,688500.0,0.6075618184170141,,-9580.5,-1104.0,10888.63911136089,1,168.23076923076923,-4620,0.7692307692307693,58.0,4505386.5,28.225130880393824
119,0,-13286,133483.5,10841.85,0.15248571427603266,1,334089.0,0.010276,1,2,0.0,1,0.8809074621198638,-1868.0,0.5677754906901958,11.0,1.158396551679755,2.0,1,261000.0,0.6014083651352106,0.1734908927995566,0.0,-6685.0,4374.998784722559,1,518.5,-4955,0.5,-221.0,379255.5,12.588907620765346
120,0,-9223,123750.0,,0.21428571427210885,1,,0.030755,1,2,,1,,-120.0,0.3703423626276125,,0.9999999999851853,,3,675000.0,0.7158609528990171,0.08695652183341268,,-4067.0,,0,,-505,,,,19.999999994074074
121,0,-13379,332005.5,23577.75,0.07776249999783992,1,931554.0,0.018801,0,2,56133.0,1,0.11896297879823324,-1759.0,,3.0,1.2375961538197093,12.0,3,468000.0,0.0648582778736916,0.4026459379644562,-56133.0,-6869.0,11249.996875000867,1,178.16666666666666,-4540,0.4166666666666667,-37.0,7830621.0,20.689599735416028
122,0,-22881,148500.0,9352.89,0.0833333333281893,1,161707.5,0.035792000000000004,0,2,5049.0,0,0.09947663965447515,-1499.0,0.6594043693464781,3.0,0.9999999999629628,12.0,3,270000.0,0.6781247611812603,0.14946899180519602,-5049.0,-1481.0,6374.994687504427,0,195.16666666666666,-4802,0.25,-1139.0,1625582.655,19.999999985185184
123,0,-16759,82471.5,8086.32,0.26691999997627375,1,,0.028663,0,2,13428.0,0,,-1282.0,,11.0,0.9999999999813259,,1,535500.0,0.6116366959675879,0.2720926071198118,-13428.0,-3079.0,5624.9953125039065,1,,-296,,-922.0,,17.83305858839667
124,0,-16282,185710.5,29412.81,0.08291111110701674,1,2915271.0,0.01885,0,2,98842.5,0,0.7611307968494464,-1782.0,0.6470448716896019,6.0,1.3167954544789497,7.0,1,198000.0,0.7464864055627681,0.2687016338709628,-98842.5,-762.0,14999.99687500065,1,315.14285714285717,-1494,0.42857142857142855,611.0,3830184.0,15.529080666172858
125,0,-22959,104544.0,10533.33,0.10646153845243918,0,1195042.5,0.00733,0,2,42336.0,0,0.711970509383378,-909.0,,1.0,1.2111999999551406,5.0,1,270000.0,0.28232640421904515,,-42336.0,-1730.0,6578.697807100731,1,114.0,-4047,1.0,-7.0,1678500.0,26.254335239037946
126,0,-16142,112900.5,16293.15,0.1636999999878741,1,0.0,0.003813,0,2,29700.0,0,0.0,-1198.0,0.6846964453639659,9.0,1.1187961164807163,1.0,1,463500.0,0.4109070009841619,0.17544294398181323,0.0,-3440.0,9374.996093751628,1,0.0,-3970,0.0,-186.0,14661.0,23.46487476030459
127,0,-16340,211041.0,9450.0,0.14730909090313904,1,1119889.935,0.008575,0,2,128731.5,0,0.40523016373736254,-2415.0,0.6177157988717764,3.0,1.1187999999834253,16.0,1,675000.0,0.6605593694772599,0.5291921667865314,-135000.0,-4182.0,28218.744121094973,1,155.5625,-4259,0.25,365243.0,2763589.77,20.713404092072352
128,0,-9203,144625.5,7672.005,0.15423684209624347,1,72756.0,0.030755,0,2,5886.0,0,0.41330320984851854,-395.0,0.0531827887508412,1.0,1.2112020201748326,2.0,1,445500.0,0.16446313944142296,0.05226556563323434,-5886.0,-1642.0,4645.121129065726,1,2.0,-1639,1.0,-29.0,176035.41,20.45879541964443
129,0,-16522,123228.0,27000.0,0.08719999999354075,1,0.0,0.019101,0,2,0.0,0,0.0,-398.0,,3.0,1.2639999999122222,1.0,3,144000.0,0.6952191372191353,0.08782229759582513,0.0,-4101.0,53999999999.99999,1,0.0,-66,0.0,365243.0,70416.0,15.461773687171446
130,0,-16083,147780.0,7846.065,0.06171428571036735,1,126153.0,0.010032,0,2,0.0,0,0.1410012517293828,-1761.0,,11.0,1.5279999999082283,6.0,1,166500.0,0.1654420733377721,0.1718584842205176,0.0,-7358.0,7248.746979688759,1,442.8333333333333,-4654,0.5,-826.0,894694.185,26.174074047146014
131,0,-18413,169974.0,9118.35,0.16062222221429026,1,60537.06,0.031329,0,2,7200.0,0,0.019291394023870673,-1192.0,,7.0,1.1451999999881635,3.0,1,967500.0,0.6680204349150283,0.10291641780422332,-7200.0,-10826.0,6059.619950316708,1,708.0,-1947,1.0,-2045.0,3138034.5,34.0644714892503
132,0,-12157,135000.0,16349.265,0.06249999999565973,1,0.0,0.030755,0,2,0.0,0,0.0,-329.0,0.12739294667525167,2.0,0.9999999999444446,2.0,1,180000.0,0.4949615763457107,0.24636012194320978,0.0,-4055.0,14596.487836260138,0,159.5,-267,0.0,-10.0,199035.0,19.99999997777778
133,0,-11944,135594.0,9715.815,0.13908571427688346,1,215253.0,0.015221,0,2,0.0,1,0.6257309176532148,-524.0,,1.0,0.9999999999851853,3.0,1,675000.0,0.2820783472350259,0.24271600824072004,0.0,-5812.0,7897.4934187554845,1,171.66666666666666,-2722,0.6666666666666666,-152.0,344002.5,30.813475745999508
134,0,-14235,118372.5,3243.96,0.2484285714127982,1,0.0,0.018209,0,3,-5971.5,0,0.0,-2703.0,,3.0,0.999999999989418,7.0,1,945000.0,0.5978227034457954,0.38011942422207196,5971.5,-2248.0,3742.493762510396,1,346.7142857142857,-5376,0.2857142857142857,-2232.0,329746.5,24.151811379681345
135,0,-16086,118867.5,6065.145,0.339624999981132,1,432603.0,0.014519999999999996,0,2,4900.5,0,0.4413527926327772,0.0,0.8678716871178579,5.0,0.999999999994302,5.0,1,1755000.0,0.14768481724551802,0.0962949148926364,-4900.5,-3174.0,4124.621562815364,0,487.2,-4584,0.2,-1255.0,980175.06,28.708133966595813
136,0,-12348,152514.0,6556.005,0.15269999999151668,1,0.0,0.0228,0,2,-5337.0,0,0.0,-2041.0,,3.0,1.23760377355896,1.0,2,477000.0,0.6837025341222017,0.14747327514372632,5337.0,-1909.0,5340.14465985534,1,0.0,-4800,0.0,-1740.0,225000.0,21.477734111373888
137,0,-14645,183199.5,7043.58,0.18577999999174313,1,830160.0,0.003818,0,2,-2767.5,0,0.4612,-700.0,0.5458589248298449,3.0,1.1188006644435673,2.0,1,1354500.0,0.5712502464772474,0.27497439417888314,2767.5,-7154.0,6217.489637517271,1,1141.5,-1969,0.5,-519.0,1800000.0,36.25352566685721
138,1,-16667,255753.0,27205.74,0.12563076922647415,1,371403.0,0.035792000000000004,1,2,0.0,1,0.9943855421686747,-106.0,0.3203218651732389,3.0,0.9999999999851853,1.0,3,675000.0,0.6319612327366237,0.011999760011999617,0.0,-5239.0,19692.880307119693,0,0.0,-114,1.0,300.0,373500.0,18.368846431445057
139,0,-16219,76027.5,12610.035,0.15524999998275,1,437769.0,0.007120000000000001,0,2,3483.0,1,0.38346347751021903,-306.0,,1.0,1.2112058823133591,8.0,1,306000.0,0.2653117484731741,0.16024415818499546,-3483.0,-9329.0,10987.481687530522,1,298.625,-4325,0.375,-123.0,1141618.5,26.52560384575015
140,0,-21061,94284.0,2250.0,0.1619199999856071,0,1486351.845,0.020246,0,3,52389.0,0,0.47926847904895603,-1594.0,0.5935670746654023,9.0,1.1583999999754835,11.0,1,472500.0,0.5982432424547262,,-45000.0,-5439.0,8749.997569445119,1,232.63636363636363,-4488,0.36363636363636365,365243.0,3101292.72,30.04743081354445
141,0,-19718,110727.0,15021.225,0.1515172413676998,1,1524024.0,0.018209,0,3,0.0,0,0.23396689927123682,-1691.0,0.6569383528999653,2.0,1.2111980197753311,21.0,3,454500.0,0.3909932576851988,0.2899381277461903,0.0,-8940.0,9468.74802734416,1,133.57142857142858,-3200,0.2857142857142857,-1454.0,6513844.5,27.84046425537831
142,0,-16097,406638.0,33750.0,0.09635999999785866,1,0.0,0.0105,0,3,0.0,0,0.0,-845.0,,7.0,1.0528023255541912,5.0,3,387000.0,0.6220298665860468,0.16338448168191866,0.0,-110.0,67499999999.99999,0,227.6,-3852,0.2,365243.0,270803.43000000005,9.396118719294284
143,0,-21961,139932.0,33490.485,0.20266666665511873,0,0.0,0.01885,0,2,31185.0,0,0.0,-396.0,0.5311064035337159,5.0,1.1451992031771119,2.0,1,1129500.0,0.6466885821859959,,-31185.0,-8887.0,24999.98611111883,1,550.0,-4379,0.0,144.0,118068.48000000001,36.36702934200207
144,0,-14359,43258.5,13924.305,0.260538461493925,1,272384.955,0.025164,0,2,3636.0,1,0.3139186403446561,-160.0,,7.0,1.1319999999161483,15.0,1,135000.0,0.5248175794365513,0.13190333597876128,-3636.0,-2908.0,11473.48087753187,1,130.13333333333333,-4480,0.2,-1343.0,867692.835,10.026572181198325
145,0,-15127,133830.0,22500.0,0.25649999998575,1,530307.0,0.026392,0,2,0.0,1,0.3814084622279852,-1914.0,,10.0,0.9999999999766082,6.0,1,427500.0,0.5513078693516321,0.06868513258986259,0.0,-4221.0,45000000000.0,1,129.0,-652,0.3333333333333333,-188.0,1390391.28,9.259259257253788
146,0,-11633,90274.5,2761.83,0.22842307690355357,1,1089702.0,0.02461,0,2,-3150.0,0,0.624841309979667,-1166.0,0.7239404653083322,3.0,1.1583999999828385,8.0,3,675000.0,0.6363951652298555,0.22315825687540466,3150.0,-5430.0,2782.495362507729,1,103.125,-3851,0.75,-901.0,1743966.0,29.257450738337
147,0,-14597,168750.0,9937.71,0.062499999996527784,1,206100.0,0.032561,0,1,-41548.5,0,0.11710509056851454,-307.0,,1.0,0.9999999999555556,9.0,2,225000.0,0.7047931325938472,0.13680893343619163,41548.5,-8491.0,11540.240383133014,0,293.22222222222223,-3681,0.2222222222222222,57.0,1759957.65,19.999999982222224
148,0,-16296,157432.5,5134.815,0.22255555554456516,1,561411.0,0.010147,0,2,-5076.0,0,0.3356226847555021,-1683.0,0.5803669462489124,1.0,1.158399999989274,11.0,1,1080000.0,0.7636485619996934,0.0163230240649994,5076.0,-164.0,5167.491387514355,1,151.9090909090909,-4568,0.18181818181818182,-1502.0,1672744.5,27.759960053750493
149,0,-17682,103347.0,8933.04,0.23446666664929877,1,0.0,0.010006,0,2,-4945.5,0,0.0,-131.0,,2.0,1.197999999986689,1.0,1,900000.0,0.5852908069048889,0.2442596992671981,4945.5,-2630.0,8242.486262522896,1,0.0,-1211,0.0,-2579.0,200655.0,34.06312196819792
150,0,-14311,79191.0,11169.135,0.2960799999736818,1,0.0,0.010643,0,2,41305.5,1,0.0,-328.0,0.31935653689296545,1.0,1.0528030302675824,1.0,1,297000.0,0.6036550365741279,0.023338690534091742,-41305.5,-8401.0,8609.246412813995,1,0.0,-4248,0.0,393.0,175824.0,9.3873277464387
151,0,-19286,90333.0,15750.0,0.2424905660174012,1,469242.0,0.008865999999999999,0,2,0.0,0,0.5464626349439262,-2085.0,0.7233712633792718,5.0,0.9999999999852833,4.0,3,679500.0,0.7651254360605889,0.07699885931608362,0.0,-7887.0,31499999999.999996,1,504.75,-2835,0.25,5.0,858690.0,23.49828819604444
152,0,-11375,149170.5,31582.305,0.26335555554255036,1,0.0,0.031329,0,2,14967.0,0,0.0,-1792.0,0.6748315126672113,5.0,0.9999999999851853,2.0,3,675000.0,0.6161564242321512,0.2031648353434416,-14967.0,-180.0,22499.981250015626,0,379.0,-2009,0.0,-1432.0,1351282.5,12.657159730982446
153,0,-15581,277200.0,12511.665,0.11999999999619047,1,2450236.5,0.020713,0,2,13050.0,1,0.4734719138043676,-1020.0,0.7290899091709767,6.0,1.1451999999898204,11.0,3,1125000.0,0.5098519541101603,0.31705282094669973,-13050.0,-9520.0,10297.491418757152,1,246.0,-5239,0.6363636363636364,-655.0,5175040.859999999,34.08333332431658
154,1,-17538,144832.5,4500.0,0.08042857142346486,1,0.0,0.022625,0,2,90000.0,0,0.0,-216.0,,9.0,1.4751891891005893,10.0,1,166500.0,0.18217137418039608,0.4376781847631875,-90000.0,-774.0,0.0,1,177.9,-1082,0.2,365243.0,2203389.0,19.389698030874523
155,0,-13558,105750.0,1687.365,0.05999999999466667,1,571266.0,0.020246,0,3,-1782.0,0,0.7908350153248113,-1933.0,0.4643561769338667,4.0,0.999999999925926,7.0,1,135000.0,0.7518692268821991,0.3509367165886832,0.0,-6426.0,1246.1239615633654,0,159.42857142857142,-4360,0.7142857142857143,-1572.0,722358.0,19.99999997037037
156,0,-24729,80005.5,1502.865,0.22699999997806763,0,199998.0,0.018634,0,2,-1503.0,0,0.21163650292535893,-1183.0,,2.0,1.0659999999526222,7.0,1,225000.0,0.60043294901342,,1503.0,-4047.0,1502.998497001503,0,319.42857142857144,-4523,0.2857142857142857,-2544.0,945007.11,10.20877226150428
157,0,-20215,47596.5,33490.485,0.18638461535275475,0,0.0,0.018029,0,2,31185.0,0,0.0,-1792.0,,9.0,1.2639999999148823,2.0,1,148500.0,0.557347622511613,,-31185.0,-3508.0,24999.98611111883,1,616.0,-3558,0.0,-161.0,184652.28,17.215022683344777
158,0,-21861,103905.0,2889.81,0.11192307691351085,0,487728.0,0.00702,0,2,-4698.0,0,0.72256,-2025.0,,2.0,1.1979999999467557,1.0,1,225000.0,0.6413041903506802,,4698.0,-830.0,2373.7480218766486,1,0.0,-4830,1.0,-1664.0,675000.0,20.58419242414342
159,0,-15323,168709.5,70444.035,0.2501799999888809,1,611064.0,0.002506,0,2,32107.5,1,0.244569798353109,-573.0,0.7280918134588762,3.0,1.178199999989527,8.0,3,1125000.0,0.7024628947445616,0.377537036074879,-32107.5,-5368.0,61424.94881254266,1,313.25,-3602,0.125,-212.0,2498526.0,23.547046122605582
160,0,-16807,120559.5,25475.625,0.10696666665874321,1,,0.020713,0,2,0.0,1,,-581.0,,4.0,1.3959999999261377,,2,189000.0,0.01027164882622892,0.06509192602195034,0.0,-8184.0,11718.747558594257,1,,-339,,786.0,,18.27111248345202
161,0,-13972,137218.5,9842.4,0.1529722222127795,1,-77.75999999999999,0.022625,0,2,0.0,0,-0.00019719274221157137,-1161.0,0.5349985744410304,11.0,1.105603773538549,5.0,3,238500.0,0.5858586300023704,0.32006870907534263,0.0,-464.0,7499.993750005208,1,424.0,-4529,0.4,-2013.0,394335.0,10.640457595125211
162,0,-21819,94936.5,4752.54,0.15611999998612267,1,193.5,0.030755,0,2,-8469.0,0,0.00033997469955724226,-2576.0,,4.0,1.1979999999736413,3.0,3,454500.0,0.6887921778530354,0.3829231405577355,8469.0,-8440.0,6287.609280976798,1,256.0,-4474,0.3333333333333333,-2690.0,569160.0,31.001281048195814
163,1,-7989,90877.5,,0.18797748289434146,1,83998.8,0.018801,0,2,,1,0.6222133333333334,-122.0,,,0.9999999999555556,1.0,1,225000.0,0.08625291491113196,0.018775816771530625,,-2570.0,,0,0.0,-646,1.0,,135000.0,10.695187160691534
164,0,-17879,209875.5,4410.0,0.06721999999701245,1,1084154.5350000001,0.020246,0,3,-17995.5,0,0.3848770553791871,-2553.0,0.7311052466018223,11.0,1.3167999999414757,11.0,1,225000.0,0.7488544429116339,0.0525756474369795,0.0,-2294.0,8099549999.999999,0,235.1818181818182,-1441,0.36363636363636365,365243.0,2816885.34,19.589407901359113
165,0,-12805,141750.0,3759.39,0.0999999999936508,1,616734.0,0.020246,0,3,-1440.0,0,0.24610652764469523,-215.0,0.4348784763127847,5.0,0.999999999968254,17.0,3,315000.0,0.1117667170159572,0.4106208515506606,1440.0,-3262.0,2920.4970795029208,0,84.58823529411765,-3884,0.23529411764705882,-1364.0,2505963.6,19.99999998730159
166,0,-10887,80626.5,,0.10414999998842778,1,155065.5,0.030755,0,2,,1,0.68918,-114.0,0.3563551035088492,,1.6599999999180248,2.0,3,202500.0,0.5477730476270279,0.031321759925894886,,-5333.0,,0,930.5,-2828,0.5,,225000.0,35.86173783980185
167,0,-11568,132124.5,28465.38,0.19558904108398242,1,439798.5,0.018029,0,3,14850.0,0,0.14553368406475178,-1606.0,0.5925473429253104,8.0,1.1187999999834253,12.0,3,675000.0,0.593340422792271,0.20150414955178436,-14850.0,-1082.0,18749.98437501302,1,224.0,-824,0.3333333333333333,-52.0,3021970.5,23.507494039467872
168,0,-12019,128808.0,32804.37,0.18217142855986215,1,,0.003813,0,2,108724.5,0,,-2575.0,0.7217605119102734,11.0,1.1055999999754311,,1,450000.0,0.4722858229404335,0.09551543397580117,-108724.5,-682.0,19499.995937500844,1,,-2588,,-2274.0,,17.34002508805938
169,0,-13116,102384.0,2731.41,0.2415999999821037,1,0.0,0.028663,0,2,0.0,0,0.0,0.0,,7.0,0.9999999999811677,9.0,1,531000.0,0.7489161279000881,0.13616956399524974,0.0,-7237.0,2227.4977725022277,1,278.6666666666667,-3168,0.1111111111111111,-1644.0,599966.7300000001,16.28035319589148
170,0,-20858,93609.0,18331.425,0.16791999998507376,1,521280.0,0.022625,0,2,14008.5,1,0.2925298620867157,-738.0,,1.0,1.1979999999467557,10.0,1,225000.0,0.7044244680571375,0.022629207029738807,-14008.5,-8167.0,13606.48866125945,1,263.1,-4411,0.2,-377.0,1781971.92,14.268699373104283
171,0,-16891,188806.5,3791.835,0.12589583332750484,1,0.0,0.026392,0,2,-17109.0,0,0.0,-332.0,,5.0,0.9999999999777778,1.0,1,450000.0,0.640040616163284,0.16162453387107012,17109.0,-7519.0,5992.490012516646,0,0.0,-434,0.0,-2079.0,83790.0,16.54807214350927
172,0,-12147,143253.0,8753.715,0.20414999998865835,1,1493374.5,0.035792000000000004,0,2,-9000.0,0,0.6731678918585593,-1754.0,0.7649171875783758,17.0,0.9999999999851853,8.0,3,675000.0,0.6015603738443187,0.17930353188384254,9000.0,-6189.0,9142.484762525397,1,242.375,-1719,0.5,-1175.0,2218428.0,18.368846431445057
173,0,-22994,60903.0,4915.485,0.09773333331885431,0,213867.0,0.019101,0,2,2970.0,0,0.41848719073104496,-632.0,,6.0,1.1319999998993777,5.0,1,112500.0,0.12190594054259885,,-2970.0,-9705.0,3749.996875002604,0,212.4,-4078,0.4,-272.0,511047.9,19.304229165826545
174,0,-25104,42903.0,,0.20549999996194443,0,83124.0,0.010276,0,2,,0,1.0262222222222221,-2.0,,,1.0659999999052445,1.0,1,112500.0,0.6405140556837132,,,-4182.0,,0,0.0,-4210,1.0,,81000.0,10.806974848331103
175,0,-19525,50301.0,17504.73,0.3789999999532099,0,314253.0,0.009334,0,2,-3015.0,0,0.5413488372093024,-7.0,,1.0,1.1716039603702617,5.0,1,454500.0,0.1715351212035425,,3015.0,-5077.0,14486.835513164488,1,93.2,-1589,0.4,-923.0,580500.0,17.34564643234449
176,0,-18302,36783.0,4419.855,0.4161428570768027,1,0.0,0.018209,0,3,-1273.5,0,0.0,-1111.0,,3.0,1.197999999982252,3.0,1,675000.0,0.046215527379862266,0.07501912363403952,1273.5,-10539.0,3824.9936250106252,1,375.6666666666667,-1210,0.0,-1834.0,416083.5,30.844490204506812
177,0,-12027,132205.5,5070.285,0.16059999998980318,1,,0.0228,0,2,18580.5,1,,0.0,,12.0,1.2639999999498412,,1,252000.0,0.16425890585653596,0.14301155744825106,-18580.5,-3867.0,3910.1233707819288,0,,-4420,,365243.0,,12.592777080949306
178,0,-16518,134761.5,5292.0,0.14437142856226215,1,844785.0,0.01885,0,2,0.0,0,0.500079914757592,-2709.0,,1.0,1.1979999999795214,5.0,1,585000.0,0.6717825437089173,0.2174597410203776,0.0,-3627.0,3749.996875002604,1,409.8,-44,0.8,-2349.0,1689300.0,30.821294267070698
179,0,-12648,150984.0,16874.19,0.16119999999104445,1,0.0,0.007114,0,2,0.0,0,0.0,-1127.0,0.34271221048651057,4.0,1.316799999980492,7.0,1,675000.0,0.6344549499357989,0.22153700207268895,0.0,-2109.0,15918.72346879422,1,109.71428571428571,-4594,0.0,-131.0,348075.0,30.63275433187457
180,1,-15326,153000.0,8030.16,0.1499999999916667,1,208705.5,0.02461,0,2,2736.0,0,0.61025,-429.0,,3.0,0.9999999999814816,2.0,3,540000.0,0.3721102589242765,0.06772804389124888,-2736.0,-782.0,6106.489822516963,0,236.0,-792,1.0,-3.0,342000.0,19.999999992592592
181,0,-16475,176872.5,3318.435,0.1265555555493059,1,0.0,0.005313,0,2,2560.5,0,0.0,-1488.0,,3.0,1.1583986486312554,7.0,3,666000.0,0.6219784526230758,0.0010318664649662315,-2560.5,-1225.0,2156.2482031264976,1,230.71428571428572,-25,0.42857142857142855,-2392.0,2990250.0,30.104126414943273
182,0,-14033,175126.5,2250.0,0.22165999999014846,1,445420.62,0.006233,1,2,0.0,1,0.8208145922063447,-534.0,,3.0,1.1055999999836208,2.0,1,675000.0,0.5750860506591902,0.023373476821330775,0.0,-544.0,4500000000.0,1,35.5,-554,0.5,365243.0,542656.8,14.963457544595133
183,0,-13873,29569.5,4921.2,0.4026363635550229,1,170511.795,0.031329,0,2,0.0,0,0.5771966300615606,-2690.0,0.5497171405900174,1.0,1.2375999999449956,3.0,1,225000.0,0.4953660887502677,0.09240971678253421,0.0,-632.0,3749.996875002604,1,584.6666666666666,-5042,0.3333333333333333,-2330.0,295413.705,13.971551133202102
184,1,-10127,173983.5,8766.135,0.14082222221526805,1,,0.032561,0,1,-2088.0,0,,-130.0,,4.0,1.2111999999663554,,3,360000.0,0.5002314931327102,0.010960797877911323,2088.0,-1724.0,8099.091900908099,1,,-337,,-2074.0,,15.290516011680776
185,0,-21703,81828.0,16012.8,0.0907999999899111,0,129374.505,0.025164,0,2,0.0,0,0.1521350100457116,-2028.0,,5.0,1.263999999929778,7.0,1,180000.0,0.2653117484731741,,0.0,-9849.0,10499.996500001167,0,334.2857142857143,-4980,0.2857142857142857,-369.0,850392.72,27.841409657560686
186,0,-19785,83295.0,4561.29,0.07449999999172222,1,0.0,0.018209,0,3,0.0,0,0.0,-1.0,0.6200196960355097,1.0,0.9999999998518518,1.0,1,67500.0,0.7094531689636673,0.5013393987876368,0.0,-9342.0,4214.060744141357,1,0.0,-3310,0.0,-849.0,19371.69,10.067114078945393
187,0,-13620,154678.5,27580.32,0.14067499999218472,1,454555.21499999997,0.00496,0,2,41580.0,0,0.40558174095252025,-252.0,0.5216328501389592,6.0,1.131999999949689,12.0,1,225000.0,0.39143594690346734,0.10301027907710006,-41580.0,-5451.0,18749.992187503256,1,181.08333333333334,-4225,0.25,-4.0,1120748.715,10.058645810849024
188,0,-13210,288450.0,8550.99,0.14533333332902715,1,703584.0,0.072508,0,1,-5184.0,0,0.7735237894235444,-382.0,0.667166655817305,4.0,1.1451999999850302,4.0,3,765000.0,0.7494092451416423,0.01703255111054697,0.0,-7318.0,8637.735603773994,0,134.0,-4397,0.75,-366.0,909582.885,17.86091742755129
189,0,-11177,231484.5,17535.6,0.2651285714201546,1,-88.83,0.032561,0,1,0.0,0,0.0,-926.0,0.3800918342678742,2.0,0.9999999999955556,1.0,3,2250000.0,0.6933579251678945,0.13545674164396238,0.0,-64.0,14999.987500010417,1,0.0,-2793,1.0,-563.0,0.0,26.941106737439025
190,0,-14823,194431.5,9000.0,0.13585999999396178,1,409041.0,0.003818,0,2,0.0,0,0.36836154528839415,-1898.0,,6.0,1.1451980197893818,7.0,3,909000.0,0.6263387445759298,0.012480604474452274,0.0,-1147.0,14685.737761885199,1,294.7142857142857,-4138,0.14285714285714285,365243.0,1110433.5,34.05417340266805
191,0,-23656,147505.5,9434.07,0.34441999998469247,1,0.0,0.006629,0,2,-39226.5,0,0.0,-584.0,,14.0,1.0857999999827652,10.0,1,630000.0,0.5924589685675292,0.502324991757831,39226.5,-7125.0,11500.1884998115,1,240.0,-4681,0.0,-1602.0,1348550.55,8.827129666127643
192,0,-14091,188136.0,10722.42,0.16383999999271823,1,1204609.5,0.019689,0,2,-10723.5,0,0.22420296140778667,0.0,,3.0,1.395999999984489,19.0,1,900000.0,0.5986321123746743,0.40195869732592343,10723.5,-8127.0,10723.489276510723,1,134.0,-2462,0.47368421052631576,249.0,5372852.76,34.08203124075465
193,0,-14144,128947.5,5073.12,0.1812857142742041,1,0.0,0.030755,0,2,0.0,1,0.0,-1450.0,,5.0,0.9999999999861112,11.0,1,720000.0,0.7221783702089665,0.31928733054248254,0.0,-1516.0,4225.495774504226,1,158.72727272727272,-4616,0.09090909090909091,-2527.0,489321.0,25.2167060589382
194,0,-13584,99000.0,5549.535,0.11999999998933333,1,,0.009657,0,2,-1467.0,0,,0.0,0.394163265516274,4.0,0.9999999999629628,,1,270000.0,0.6365722494978974,0.050058892851927925,1467.0,-350.0,5246.241256264573,0,,-2097,,-4.0,,19.999999985185184
195,0,-10010,236781.0,11371.545,0.19049230768579511,1,63679.995,0.006207,1,2,0.0,1,0.10462927137676369,-964.0,0.4129435398173111,4.0,1.1385999999873488,4.0,3,900000.0,0.6348960636020012,0.02397602399997605,0.0,-4629.0,13337.966655083364,1,132.25,-2680,0.5,-837.0,608625.0449999999,18.39121304790265
196,0,-13957,89136.0,11087.955,0.26637037034844685,1,670533.435,0.009657,0,2,18207.0,0,0.5875849491113714,-317.0,0.7410963179186301,4.0,0.9999999999909296,10.0,1,1102500.0,0.4088706121454352,0.029375940409383062,0.0,-5038.0,7499.993750005208,1,221.3,-4630,0.6,43.0,1141168.5,34.06562846555876
197,0,-17947,141453.0,3350.52,0.10188571427924537,1,953550.0,0.010147,0,2,-301.5,0,0.8728426082300119,-122.0,,4.0,1.1979999999736413,4.0,1,454500.0,0.6410123825293345,0.2799910850169895,301.5,-11812.0,2321.248065626612,1,576.5,-1505,0.5,-1748.0,1092465.0,33.93101512187261
198,0,-19070,114750.0,9753.48,0.1499999999888889,1,120888.0,0.008473999999999999,0,2,-4500.0,0,0.09932588985666886,-481.0,0.6215554079882224,7.0,0.9999999999753086,6.0,1,405000.0,0.3715433102138179,0.04389092818242838,0.0,-6789.0,7510.04248995751,0,137.16666666666666,-2595,0.3333333333333333,-22.0,1217084.49,19.999999990123456
199,0,-17850,77724.0,15527.43,0.28033333330737653,1,0.0,0.018634,0,2,-3694.5,1,0.0,0.0,,5.0,1.1583999999852903,1.0,1,787500.0,0.4973012633185316,0.16240896367641958,0.0,-2880.0,14345.535654464345,0,0.0,-1400,0.0,-1948.0,143955.0,30.13079666067816
